number,pitch
1,83.01742
2,89.74666
3,79.05592
4,81.50347
5,71.3458
6,74.66958
7,79.68264
8,70.33641
9,86.80611
10,87.25355
11,72.57613
12,75.186584
13,76.014786
14,80.77005
15,81.87563
16,86.03998
17,80.17569
18,80.64634
19,78.81541
20,76.907585
21,81.997665
22,85.915146
23,83.42627
24,81.70182
25,81.40367
26,85.04932

